312245,https://www.riverisland.com/p/big-and-tall-navy-single-button-mac-312245,BigandTallnavysinglebuttonmac,men,Coats\u0026Jackets,GBP,80,80,312245,true,https://riverisland.scene7.com/is/image/RiverIsland/312245_main?$hero$,Coats,
312245,https://www.riverisland.com/p/big-and-tall-navy-single-button-mac-312245,BigandTallnavysinglebuttonmac,men,Coats\u0026Jackets,GBP,80,80,312245,true,https://riverisland.scene7.com/is/image/RiverIsland/312245_main?$hero$,Coats,
312245,https://www.riverisland.com/p/big-and-tall-navy-single-button-mac-312245,BigandTallnavysinglebuttonmac,men,Coats\u0026Jackets,GBP,80,80,312245,true,https://riverisland.scene7.com/is/image/RiverIsland/312245_main?$hero$,Coats,
312245,https://www.riverisland.com/p/big-and-tall-navy-single-button-mac-312245,BigandTallnavysinglebuttonmac,men,Coats\u0026Jackets,GBP,80,80,312245,true,https://riverisland.scene7.com/is/image/RiverIsland/312245_main?$hero$,Coats,
312245,https://www.riverisland.com/p/big-and-tall-navy-single-button-mac-312245,BigandTallnavysinglebuttonmac,men,Coats\u0026Jackets,GBP,80,80,312245,true,https://riverisland.scene7.com/is/image/RiverIsland/312245_main?$hero$,Coats,
312245,https://www.riverisland.com/p/big-and-tall-navy-single-button-mac-312245,BigandTallnavysinglebuttonmac,men,Coats\u0026Jackets,GBP,80,80,312245,true,https://riverisland.scene7.com/is/image/RiverIsland/312245_main?$hero$,Coats,
312245,https://www.riverisland.com/p/big-and-tall-navy-single-button-mac-312245,BigandTallnavysinglebuttonmac,men,Coats\u0026Jackets,GBP,80,80,312245,true,https://riverisland.scene7.com/is/image/RiverIsland/312245_main?$hero$,Coats,
312245,https://www.riverisland.com/p/big-and-tall-navy-single-button-mac-312245,BigandTallnavysinglebuttonmac,men,Coats\u0026Jackets,GBP,80,80,312245,true,https://riverisland.scene7.com/is/image/RiverIsland/312245_main?$hero$,Coats,
312245,https://www.riverisland.com/p/big-and-tall-navy-single-button-mac-312245,BigandTallnavysinglebuttonmac,men,Coats\u0026Jackets,GBP,80,80,312245,true,https://riverisland.scene7.com/is/image/RiverIsland/312245_main?$hero$,Coats,
312245,https://www.riverisland.com/p/big-and-tall-navy-single-button-mac-312245,BigandTallnavysinglebuttonmac,men,Coats\u0026Jackets,GBP,80,80,312245,true,https://riverisland.scene7.com/is/image/RiverIsland/312245_main?$hero$,Coats,
312245,https://www.riverisland.com/p/big-and-tall-navy-single-button-mac-312245,BigandTallnavysinglebuttonmac,men,Coats\u0026Jackets,GBP,80,80,312245,true,https://riverisland.scene7.com/is/image/RiverIsland/312245_main?$hero$,Coats,
312245,https://www.riverisland.com/p/big-and-tall-navy-single-button-mac-312245,BigandTallnavysinglebuttonmac,men,Coats\u0026Jackets,GBP,80,80,312245,true,https://riverisland.scene7.com/is/image/RiverIsland/312245_main?$hero$,Coats,
312245,https://www.riverisland.com/p/big-and-tall-navy-single-button-mac-312245,BigandTallnavysinglebuttonmac,men,Coats\u0026Jackets,GBP,80,80,312245,true,https://riverisland.scene7.com/is/image/RiverIsland/312245_main?$hero$,Coats,
312245,https://www.riverisland.com/p/big-and-tall-navy-single-button-mac-312245,BigandTallnavysinglebuttonmac,men,Coats\u0026Jackets,GBP,80,80,312245,true,https://riverisland.scene7.com/is/image/RiverIsland/312245_main?$hero$,Coats,
312245,https://www.riverisland.com/p/big-and-tall-navy-single-button-mac-312245,BigandTallnavysinglebuttonmac,men,Coats\u0026Jackets,GBP,80,80,312245,true,https://riverisland.scene7.com/is/image/RiverIsland/312245_main?$hero$,Coats,
312245,https://www.riverisland.com/p/big-and-tall-navy-single-button-mac-312245,BigandTallnavysinglebuttonmac,men,Coats\u0026Jackets,GBP,80,80,312245,true,https://riverisland.scene7.com/is/image/RiverIsland/312245_main?$hero$,Coats,
312245,https://www.riverisland.com/p/big-and-tall-navy-single-button-mac-312245,BigandTallnavysinglebuttonmac,men,Coats\u0026Jackets,GBP,80,80,312245,true,https://riverisland.scene7.com/is/image/RiverIsland/312245_main?$hero$,Coats,
312245,https://www.riverisland.com/p/big-and-tall-navy-single-button-mac-312245,BigandTallnavysinglebuttonmac,men,Coats\u0026Jackets,GBP,80,80,312245,true,https://riverisland.scene7.com/is/image/RiverIsland/312245_main?$hero$,Coats,
312245,https://www.riverisland.com/p/big-and-tall-navy-single-button-mac-312245,BigandTallnavysinglebuttonmac,men,Coats\u0026Jackets,GBP,80,80,312245,true,https://riverisland.scene7.com/is/image/RiverIsland/312245_main?$hero$,Coats,
312245,https://www.riverisland.com/p/big-and-tall-navy-single-button-mac-312245,BigandTallnavysinglebuttonmac,men,Coats\u0026Jackets,GBP,80,80,312245,true,https://riverisland.scene7.com/is/image/RiverIsland/312245_main?$hero$,Coats,
312245,https://www.riverisland.com/p/big-and-tall-navy-single-button-mac-312245,BigandTallnavysinglebuttonmac,men,Coats\u0026Jackets,GBP,80,80,312245,true,https://riverisland.scene7.com/is/image/RiverIsland/312245_main?$hero$,Coats,
312245,https://www.riverisland.com/p/big-and-tall-navy-single-button-mac-312245,BigandTallnavysinglebuttonmac,men,Coats\u0026Jackets,GBP,80,80,312245,true,https://riverisland.scene7.com/is/image/RiverIsland/312245_main?$hero$,Coats,
312245,https://www.riverisland.com/p/big-and-tall-navy-single-button-mac-312245,BigandTallnavysinglebuttonmac,men,Coats\u0026Jackets,GBP,80,80,312245,true,https://riverisland.scene7.com/is/image/RiverIsland/312245_main?$hero$,Coats,
312245,https://www.riverisland.com/p/big-and-tall-navy-single-button-mac-312245,BigandTallnavysinglebuttonmac,men,Coats\u0026Jackets,GBP,80,80,312245,true,https://riverisland.scene7.com/is/image/RiverIsland/312245_main?$hero$,Coats,
312245,https://www.riverisland.com/p/big-and-tall-navy-single-button-mac-312245,BigandTallnavysinglebuttonmac,men,Coats\u0026Jackets,GBP,80,80,312245,true,https://riverisland.scene7.com/is/image/RiverIsland/312245_main?$hero$,Coats,
312245,https://www.riverisland.com/p/big-and-tall-navy-single-button-mac-312245,BigandTallnavysinglebuttonmac,men,Coats\u0026Jackets,GBP,80,80,312245,true,https://riverisland.scene7.com/is/image/RiverIsland/312245_main?$hero$,Coats,
312245,https://www.riverisland.com/p/big-and-tall-navy-single-button-mac-312245,BigandTallnavysinglebuttonmac,men,Coats\u0026Jackets,GBP,80,80,312245,true,https://riverisland.scene7.com/is/image/RiverIsland/312245_main?$hero$,Coats,
312245,https://www.riverisland.com/p/big-and-tall-navy-single-button-mac-312245,BigandTallnavysinglebuttonmac,men,Coats\u0026Jackets,GBP,80,80,312245,true,https://riverisland.scene7.com/is/image/RiverIsland/312245_main?$hero$,Coats,
312245,https://www.riverisland.com/p/big-and-tall-navy-single-button-mac-312245,BigandTallnavysinglebuttonmac,men,Coats\u0026Jackets,GBP,80,80,312245,true,https://riverisland.scene7.com/is/image/RiverIsland/312245_main?$hero$,Coats,
312245,https://www.riverisland.com/p/big-and-tall-navy-single-button-mac-312245,BigandTallnavysinglebuttonmac,men,Coats\u0026Jackets,GBP,80,80,312245,true,https://riverisland.scene7.com/is/image/RiverIsland/312245_main?$hero$,Coats,
312245,https://www.riverisland.com/p/big-and-tall-navy-single-button-mac-312245,BigandTallnavysinglebuttonmac,men,Coats\u0026Jackets,GBP,80,80,312245,true,https://riverisland.scene7.com/is/image/RiverIsland/312245_main?$hero$,Coats,
312245,https://www.riverisland.com/p/big-and-tall-navy-single-button-mac-312245,BigandTallnavysinglebuttonmac,men,Coats\u0026Jackets,GBP,80,80,312245,true,https://riverisland.scene7.com/is/image/RiverIsland/312245_main?$hero$,Coats,
312245,https://www.riverisland.com/p/big-and-tall-navy-single-button-mac-312245,BigandTallnavysinglebuttonmac,men,Coats\u0026Jackets,GBP,80,80,312245,true,https://riverisland.scene7.com/is/image/RiverIsland/312245_main?$hero$,Coats,
312245,https://www.riverisland.com/p/big-and-tall-navy-single-button-mac-312245,BigandTallnavysinglebuttonmac,men,Coats\u0026Jackets,GBP,80,80,312245,true,https://riverisland.scene7.com/is/image/RiverIsland/312245_main?$hero$,Coats,
312245,https://www.riverisland.com/p/big-and-tall-navy-single-button-mac-312245,BigandTallnavysinglebuttonmac,men,Coats\u0026Jackets,GBP,80,80,312245,true,https://riverisland.scene7.com/is/image/RiverIsland/312245_main?$hero$,Coats,
312245,https://www.riverisland.com/p/big-and-tall-navy-single-button-mac-312245,BigandTallnavysinglebuttonmac,men,Coats\u0026Jackets,GBP,80,80,312245,true,https://riverisland.scene7.com/is/image/RiverIsland/312245_main?$hero$,Coats,
312245,https://www.riverisland.com/p/big-and-tall-navy-single-button-mac-312245,BigandTallnavysinglebuttonmac,men,Coats\u0026Jackets,GBP,80,80,312245,true,https://riverisland.scene7.com/is/image/RiverIsland/312245_main?$hero$,Coats,
312245,https://www.riverisland.com/p/big-and-tall-navy-single-button-mac-312245,BigandTallnavysinglebuttonmac,men,Coats\u0026Jackets,GBP,80,80,312245,true,https://riverisland.scene7.com/is/image/RiverIsland/312245_main?$hero$,Coats,
312245,https://www.riverisland.com/p/big-and-tall-navy-single-button-mac-312245,BigandTallnavysinglebuttonmac,men,Coats\u0026Jackets,GBP,80,80,312245,true,https://riverisland.scene7.com/is/image/RiverIsland/312245_main?$hero$,Coats,
312245,https://www.riverisland.com/p/big-and-tall-navy-single-button-mac-312245,BigandTallnavysinglebuttonmac,men,Coats\u0026Jackets,GBP,80,80,312245,true,https://riverisland.scene7.com/is/image/RiverIsland/312245_main?$hero$,Coats,
312245,https://www.riverisland.com/p/big-and-tall-navy-single-button-mac-312245,BigandTallnavysinglebuttonmac,men,Coats\u0026Jackets,GBP,80,80,312245,true,https://riverisland.scene7.com/is/image/RiverIsland/312245_main?$hero$,Coats,
312245,https://www.riverisland.com/p/big-and-tall-navy-single-button-mac-312245,BigandTallnavysinglebuttonmac,men,Coats\u0026Jackets,GBP,80,80,312245,true,https://riverisland.scene7.com/is/image/RiverIsland/312245_main?$hero$,Coats,
312245,https://www.riverisland.com/p/big-and-tall-navy-single-button-mac-312245,BigandTallnavysinglebuttonmac,men,Coats\u0026Jackets,GBP,80,80,312245,true,https://riverisland.scene7.com/is/image/RiverIsland/312245_main?$hero$,Coats,
312245,https://www.riverisland.com/p/big-and-tall-navy-single-button-mac-312245,BigandTallnavysinglebuttonmac,men,Coats\u0026Jackets,GBP,80,80,312245,true,https://riverisland.scene7.com/is/image/RiverIsland/312245_main?$hero$,Coats,
312245,https://www.riverisland.com/p/big-and-tall-navy-single-button-mac-312245,BigandTallnavysinglebuttonmac,men,Coats\u0026Jackets,GBP,80,80,312245,true,https://riverisland.scene7.com/is/image/RiverIsland/312245_main?$hero$,Coats,
312245,https://www.riverisland.com/p/big-and-tall-navy-single-button-mac-312245,BigandTallnavysinglebuttonmac,men,Coats\u0026Jackets,GBP,80,80,312245,true,https://riverisland.scene7.com/is/image/RiverIsland/312245_main?$hero$,Coats,
312245,https://www.riverisland.com/p/big-and-tall-navy-single-button-mac-312245,BigandTallnavysinglebuttonmac,men,Coats\u0026Jackets,GBP,80,80,312245,true,https://riverisland.scene7.com/is/image/RiverIsland/312245_main?$hero$,Coats,
312245,https://www.riverisland.com/p/big-and-tall-navy-single-button-mac-312245,BigandTallnavysinglebuttonmac,men,Coats\u0026Jackets,GBP,80,80,312245,true,https://riverisland.scene7.com/is/image/RiverIsland/312245_main?$hero$,Coats,
312245,https://www.riverisland.com/p/big-and-tall-navy-single-button-mac-312245,BigandTallnavysinglebuttonmac,men,Coats\u0026Jackets,GBP,80,80,312245,true,https://riverisland.scene7.com/is/image/RiverIsland/312245_main?$hero$,Coats,
312245,https://www.riverisland.com/p/big-and-tall-navy-single-button-mac-312245,BigandTallnavysinglebuttonmac,men,Coats\u0026Jackets,GBP,80,80,312245,true,https://riverisland.scene7.com/is/image/RiverIsland/312245_main?$hero$,Coats,
312245,https://www.riverisland.com/p/big-and-tall-navy-single-button-mac-312245,BigandTallnavysinglebuttonmac,men,Coats\u0026Jackets,GBP,80,80,312245,true,https://riverisland.scene7.com/is/image/RiverIsland/312245_main?$hero$,Coats,
312245,https://www.riverisland.com/p/big-and-tall-navy-single-button-mac-312245,BigandTallnavysinglebuttonmac,men,Coats\u0026Jackets,GBP,80,80,312245,true,https://riverisland.scene7.com/is/image/RiverIsland/312245_main?$hero$,Coats,
312245,https://www.riverisland.com/p/big-and-tall-navy-single-button-mac-312245,BigandTallnavysinglebuttonmac,men,Coats\u0026Jackets,GBP,80,80,312245,true,https://riverisland.scene7.com/is/image/RiverIsland/312245_main?$hero$,Coats,
312245,https://www.riverisland.com/p/big-and-tall-navy-single-button-mac-312245,BigandTallnavysinglebuttonmac,men,Coats\u0026Jackets,GBP,80,80,312245,true,https://riverisland.scene7.com/is/image/RiverIsland/312245_main?$hero$,Coats,
312245,https://www.riverisland.com/p/big-and-tall-navy-single-button-mac-312245,BigandTallnavysinglebuttonmac,men,Coats\u0026Jackets,GBP,80,80,312245,true,https://riverisland.scene7.com/is/image/RiverIsland/312245_main?$hero$,Coats,
312245,https://www.riverisland.com/p/big-and-tall-navy-single-button-mac-312245,BigandTallnavysinglebuttonmac,men,Coats\u0026Jackets,GBP,80,80,312245,true,https://riverisland.scene7.com/is/image/RiverIsland/312245_main?$hero$,Coats,
312245,https://www.riverisland.com/p/big-and-tall-navy-single-button-mac-312245,BigandTallnavysinglebuttonmac,men,Coats\u0026Jackets,GBP,80,80,312245,true,https://riverisland.scene7.com/is/image/RiverIsland/312245_main?$hero$,Coats,
312245,https://www.riverisland.com/p/big-and-tall-navy-single-button-mac-312245,BigandTallnavysinglebuttonmac,men,Coats\u0026Jackets,GBP,80,80,312245,true,https://riverisland.scene7.com/is/image/RiverIsland/312245_main?$hero$,Coats,
312245,https://www.riverisland.com/p/big-and-tall-navy-single-button-mac-312245,BigandTallnavysinglebuttonmac,men,Coats\u0026Jackets,GBP,80,80,312245,true,https://riverisland.scene7.com/is/image/RiverIsland/312245_main?$hero$,Coats,
312245,https://www.riverisland.com/p/big-and-tall-navy-single-button-mac-312245,BigandTallnavysinglebuttonmac,men,Coats\u0026Jackets,GBP,80,80,312245,true,https://riverisland.scene7.com/is/image/RiverIsland/312245_main?$hero$,Coats,
309228,https://www.riverisland.com/p/big-and-tall-black-super-skinny-jeans-309228,BigandTallblacksuperskinnyjeans,men,Jeans,SuperSkinny,GBP,40,40,309228,true,https://riverisland.scene7.com/is/image/RiverIsland/309228_main?$hero$,
309228,https://www.riverisland.com/p/big-and-tall-black-super-skinny-jeans-309228,BigandTallblacksuperskinnyjeans,men,Jeans,SuperSkinny,GBP,40,40,309228,true,https://riverisland.scene7.com/is/image/RiverIsland/309228_main?$hero$,
309228,https://www.riverisland.com/p/big-and-tall-black-super-skinny-jeans-309228,BigandTallblacksuperskinnyjeans,men,Jeans,SuperSkinny,GBP,40,40,309228,true,https://riverisland.scene7.com/is/image/RiverIsland/309228_main?$hero$,
309228,https://www.riverisland.com/p/big-and-tall-black-super-skinny-jeans-309228,BigandTallblacksuperskinnyjeans,men,Jeans,SuperSkinny,GBP,40,40,309228,true,https://riverisland.scene7.com/is/image/RiverIsland/309228_main?$hero$,
309228,https://www.riverisland.com/p/big-and-tall-black-super-skinny-jeans-309228,BigandTallblacksuperskinnyjeans,men,Jeans,SuperSkinny,GBP,40,40,309228,true,https://riverisland.scene7.com/is/image/RiverIsland/309228_main?$hero$,
309228,https://www.riverisland.com/p/big-and-tall-black-super-skinny-jeans-309228,BigandTallblacksuperskinnyjeans,men,Jeans,SuperSkinny,GBP,40,40,309228,true,https://riverisland.scene7.com/is/image/RiverIsland/309228_main?$hero$,
309228,https://www.riverisland.com/p/big-and-tall-black-super-skinny-jeans-309228,BigandTallblacksuperskinnyjeans,men,Jeans,SuperSkinny,GBP,40,40,309228,true,https://riverisland.scene7.com/is/image/RiverIsland/309228_main?$hero$,
309228,https://www.riverisland.com/p/big-and-tall-black-super-skinny-jeans-309228,BigandTallblacksuperskinnyjeans,men,Jeans,SuperSkinny,GBP,40,40,309228,true,https://riverisland.scene7.com/is/image/RiverIsland/309228_main?$hero$,
309228,https://www.riverisland.com/p/big-and-tall-black-super-skinny-jeans-309228,BigandTallblacksuperskinnyjeans,men,Jeans,SuperSkinny,GBP,40,40,309228,true,https://riverisland.scene7.com/is/image/RiverIsland/309228_main?$hero$,
309228,https://www.riverisland.com/p/big-and-tall-black-super-skinny-jeans-309228,BigandTallblacksuperskinnyjeans,men,Jeans,SuperSkinny,GBP,40,40,309228,true,https://riverisland.scene7.com/is/image/RiverIsland/309228_main?$hero$,
309228,https://www.riverisland.com/p/big-and-tall-black-super-skinny-jeans-309228,BigandTallblacksuperskinnyjeans,men,Jeans,SuperSkinny,GBP,40,40,309228,true,https://riverisland.scene7.com/is/image/RiverIsland/309228_main?$hero$,
309228,https://www.riverisland.com/p/big-and-tall-black-super-skinny-jeans-309228,BigandTallblacksuperskinnyjeans,men,Jeans,SuperSkinny,GBP,40,40,309228,true,https://riverisland.scene7.com/is/image/RiverIsland/309228_main?$hero$,
309228,https://www.riverisland.com/p/big-and-tall-black-super-skinny-jeans-309228,BigandTallblacksuperskinnyjeans,men,Jeans,SuperSkinny,GBP,40,40,309228,true,https://riverisland.scene7.com/is/image/RiverIsland/309228_main?$hero$,
309228,https://www.riverisland.com/p/big-and-tall-black-super-skinny-jeans-309228,BigandTallblacksuperskinnyjeans,men,Jeans,SuperSkinny,GBP,40,40,309228,true,https://riverisland.scene7.com/is/image/RiverIsland/309228_main?$hero$,
309228,https://www.riverisland.com/p/big-and-tall-black-super-skinny-jeans-309228,BigandTallblacksuperskinnyjeans,men,Jeans,SuperSkinny,GBP,40,40,309228,true,https://riverisland.scene7.com/is/image/RiverIsland/309228_main?$hero$,
309228,https://www.riverisland.com/p/big-and-tall-black-super-skinny-jeans-309228,BigandTallblacksuperskinnyjeans,men,Jeans,SuperSkinny,GBP,40,40,309228,true,https://riverisland.scene7.com/is/image/RiverIsland/309228_main?$hero$,
309228,https://www.riverisland.com/p/big-and-tall-black-super-skinny-jeans-309228,BigandTallblacksuperskinnyjeans,men,Jeans,SuperSkinny,GBP,40,40,309228,true,https://riverisland.scene7.com/is/image/RiverIsland/309228_main?$hero$,
309228,https://www.riverisland.com/p/big-and-tall-black-super-skinny-jeans-309228,BigandTallblacksuperskinnyjeans,men,Jeans,SuperSkinny,GBP,40,40,309228,true,https://riverisland.scene7.com/is/image/RiverIsland/309228_main?$hero$,
309228,https://www.riverisland.com/p/big-and-tall-black-super-skinny-jeans-309228,BigandTallblacksuperskinnyjeans,men,Jeans,SuperSkinny,GBP,40,40,309228,true,https://riverisland.scene7.com/is/image/RiverIsland/309228_main?$hero$,
309228,https://www.riverisland.com/p/big-and-tall-black-super-skinny-jeans-309228,BigandTallblacksuperskinnyjeans,men,Jeans,SuperSkinny,GBP,40,40,309228,true,https://riverisland.scene7.com/is/image/RiverIsland/309228_main?$hero$,
309228,https://www.riverisland.com/p/big-and-tall-black-super-skinny-jeans-309228,BigandTallblacksuperskinnyjeans,men,Jeans,SuperSkinny,GBP,40,40,309228,true,https://riverisland.scene7.com/is/image/RiverIsland/309228_main?$hero$,
309228,https://www.riverisland.com/p/big-and-tall-black-super-skinny-jeans-309228,BigandTallblacksuperskinnyjeans,men,Jeans,SuperSkinny,GBP,40,40,309228,true,https://riverisland.scene7.com/is/image/RiverIsland/309228_main?$hero$,
309228,https://www.riverisland.com/p/big-and-tall-black-super-skinny-jeans-309228,BigandTallblacksuperskinnyjeans,men,Jeans,SuperSkinny,GBP,40,40,309228,true,https://riverisland.scene7.com/is/image/RiverIsland/309228_main?$hero$,
309228,https://www.riverisland.com/p/big-and-tall-black-super-skinny-jeans-309228,BigandTallblacksuperskinnyjeans,men,Jeans,SuperSkinny,GBP,40,40,309228,true,https://riverisland.scene7.com/is/image/RiverIsland/309228_main?$hero$,
309228,https://www.riverisland.com/p/big-and-tall-black-super-skinny-jeans-309228,BigandTallblacksuperskinnyjeans,men,Jeans,SuperSkinny,GBP,40,40,309228,true,https://riverisland.scene7.com/is/image/RiverIsland/309228_main?$hero$,
309228,https://www.riverisland.com/p/big-and-tall-black-super-skinny-jeans-309228,BigandTallblacksuperskinnyjeans,men,Jeans,SuperSkinny,GBP,40,40,309228,true,https://riverisland.scene7.com/is/image/RiverIsland/309228_main?$hero$,
309228,https://www.riverisland.com/p/big-and-tall-black-super-skinny-jeans-309228,BigandTallblacksuperskinnyjeans,men,Jeans,SuperSkinny,GBP,40,40,309228,true,https://riverisland.scene7.com/is/image/RiverIsland/309228_main?$hero$,
309228,https://www.riverisland.com/p/big-and-tall-black-super-skinny-jeans-309228,BigandTallblacksuperskinnyjeans,men,Jeans,SuperSkinny,GBP,40,40,309228,true,https://riverisland.scene7.com/is/image/RiverIsland/309228_main?$hero$,
309228,https://www.riverisland.com/p/big-and-tall-black-super-skinny-jeans-309228,BigandTallblacksuperskinnyjeans,men,Jeans,SuperSkinny,GBP,40,40,309228,true,https://riverisland.scene7.com/is/image/RiverIsland/309228_main?$hero$,
309228,https://www.riverisland.com/p/big-and-tall-black-super-skinny-jeans-309228,BigandTallblacksuperskinnyjeans,men,Jeans,SuperSkinny,GBP,40,40,309228,true,https://riverisland.scene7.com/is/image/RiverIsland/309228_main?$hero$,
309228,https://www.riverisland.com/p/big-and-tall-black-super-skinny-jeans-309228,BigandTallblacksuperskinnyjeans,men,Jeans,SuperSkinny,GBP,40,40,309228,true,https://riverisland.scene7.com/is/image/RiverIsland/309228_main?$hero$,
309228,https://www.riverisland.com/p/big-and-tall-black-super-skinny-jeans-309228,BigandTallblacksuperskinnyjeans,men,Jeans,SuperSkinny,GBP,40,40,309228,true,https://riverisland.scene7.com/is/image/RiverIsland/309228_main?$hero$,
309228,https://www.riverisland.com/p/big-and-tall-black-super-skinny-jeans-309228,BigandTallblacksuperskinnyjeans,men,Jeans,SuperSkinny,GBP,40,40,309228,true,https://riverisland.scene7.com/is/image/RiverIsland/309228_main?$hero$,
309228,https://www.riverisland.com/p/big-and-tall-black-super-skinny-jeans-309228,BigandTallblacksuperskinnyjeans,men,Jeans,SuperSkinny,GBP,40,40,309228,true,https://riverisland.scene7.com/is/image/RiverIsland/309228_main?$hero$,
309228,https://www.riverisland.com/p/big-and-tall-black-super-skinny-jeans-309228,BigandTallblacksuperskinnyjeans,men,Jeans,SuperSkinny,GBP,40,40,309228,true,https://riverisland.scene7.com/is/image/RiverIsland/309228_main?$hero$,
309228,https://www.riverisland.com/p/big-and-tall-black-super-skinny-jeans-309228,BigandTallblacksuperskinnyjeans,men,Jeans,SuperSkinny,GBP,40,40,309228,true,https://riverisland.scene7.com/is/image/RiverIsland/309228_main?$hero$,
309228,https://www.riverisland.com/p/big-and-tall-black-super-skinny-jeans-309228,BigandTallblacksuperskinnyjeans,men,Jeans,SuperSkinny,GBP,40,40,309228,true,https://riverisland.scene7.com/is/image/RiverIsland/309228_main?$hero$,
309228,https://www.riverisland.com/p/big-and-tall-black-super-skinny-jeans-309228,BigandTallblacksuperskinnyjeans,men,Jeans,SuperSkinny,GBP,40,40,309228,true,https://riverisland.scene7.com/is/image/RiverIsland/309228_main?$hero$,
309228,https://www.riverisland.com/p/big-and-tall-black-super-skinny-jeans-309228,BigandTallblacksuperskinnyjeans,men,Jeans,SuperSkinny,GBP,40,40,309228,true,https://riverisland.scene7.com/is/image/RiverIsland/309228_main?$hero$,
309228,https://www.riverisland.com/p/big-and-tall-black-super-skinny-jeans-309228,BigandTallblacksuperskinnyjeans,men,Jeans,SuperSkinny,GBP,40,40,309228,true,https://riverisland.scene7.com/is/image/RiverIsland/309228_main?$hero$,
309228,https://www.riverisland.com/p/big-and-tall-black-super-skinny-jeans-309228,BigandTallblacksuperskinnyjeans,men,Jeans,SuperSkinny,GBP,40,40,309228,true,https://riverisland.scene7.com/is/image/RiverIsland/309228_main?$hero$,
309228,https://www.riverisland.com/p/big-and-tall-black-super-skinny-jeans-309228,BigandTallblacksuperskinnyjeans,men,Jeans,SuperSkinny,GBP,40,40,309228,true,https://riverisland.scene7.com/is/image/RiverIsland/309228_main?$hero$,
309228,https://www.riverisland.com/p/big-and-tall-black-super-skinny-jeans-309228,BigandTallblacksuperskinnyjeans,men,Jeans,SuperSkinny,GBP,40,40,309228,true,https://riverisland.scene7.com/is/image/RiverIsland/309228_main?$hero$,
309228,https://www.riverisland.com/p/big-and-tall-black-super-skinny-jeans-309228,BigandTallblacksuperskinnyjeans,men,Jeans,SuperSkinny,GBP,40,40,309228,true,https://riverisland.scene7.com/is/image/RiverIsland/309228_main?$hero$,
309228,https://www.riverisland.com/p/big-and-tall-black-super-skinny-jeans-309228,BigandTallblacksuperskinnyjeans,men,Jeans,SuperSkinny,GBP,40,40,309228,true,https://riverisland.scene7.com/is/image/RiverIsland/309228_main?$hero$,
309228,https://www.riverisland.com/p/big-and-tall-black-super-skinny-jeans-309228,BigandTallblacksuperskinnyjeans,men,Jeans,SuperSkinny,GBP,40,40,309228,true,https://riverisland.scene7.com/is/image/RiverIsland/309228_main?$hero$,
309228,https://www.riverisland.com/p/big-and-tall-black-super-skinny-jeans-309228,BigandTallblacksuperskinnyjeans,men,Jeans,SuperSkinny,GBP,40,40,309228,true,https://riverisland.scene7.com/is/image/RiverIsland/309228_main?$hero$,
309228,https://www.riverisland.com/p/big-and-tall-black-super-skinny-jeans-309228,BigandTallblacksuperskinnyjeans,men,Jeans,SuperSkinny,GBP,40,40,309228,true,https://riverisland.scene7.com/is/image/RiverIsland/309228_main?$hero$,
